{"cameraMode":{"drawMode":0,"name":"Shaded","section":"Shading Mode"},"sceneLighting":false,"audioPlay":false,"sceneViewState":{"m_AlwaysRefresh":false,"showFog":true,"showSkybox":false,"showFlares":true,"showImageEffects":true,"showParticleSystems":true,"showVisualEffectGraphs":true,"m_FxEnabled":true},"in2DMode":false,"pivot":{"x":993.7828369140625,"y":459.27703857421877,"z":109.07654571533203},"rotation":{"x":-0.23275214433670045,"y":-0.005523073021322489,"z":0.0013788751093670726,"w":-0.972569465637207},"size":484.40899658203127,"orthographic":false}