{"cameraMode":{"drawMode":0,"name":"Shaded","section":"Shading Mode"},"sceneLighting":false,"audioPlay":false,"sceneViewState":{"m_AlwaysRefresh":false,"showFog":true,"showSkybox":false,"showFlares":true,"showImageEffects":true,"showParticleSystems":true,"showVisualEffectGraphs":true,"m_FxEnabled":true},"in2DMode":false,"pivot":{"x":-5.1612420082092289,"y":-0.41999995708465578,"z":0.6800000667572022},"rotation":{"x":0.09585445374250412,"y":0.817859947681427,"z":-0.1427573263645172,"w":0.5491415858268738},"size":0.8660253882408142,"orthographic":false}