{"cameraMode":{"drawMode":0,"name":"Shaded","section":"Shading Mode"},"sceneLighting":true,"audioPlay":false,"sceneViewState":{"m_AlwaysRefresh":false,"showFog":true,"showSkybox":true,"showFlares":true,"showImageEffects":true,"showParticleSystems":true,"showVisualEffectGraphs":true,"m_FxEnabled":true},"in2DMode":false,"pivot":{"x":1185.592529296875,"y":487.8746032714844,"z":236.3826446533203},"rotation":{"x":-0.018694216385483743,"y":-0.3670333921909332,"z":0.0073814853094518188,"w":-0.930002748966217},"size":193.69847106933595,"orthographic":false}